City_ID,City,Country,Date,Lat,Lng,Max Temp,Humidity,Cloudiness,Wind Speed
0,Mataura,NZ,2022-12-11 17:31:18,-46.1927,168.8643,52.38,97,73,0.98
1,San Patricio,US,2022-12-11 17:28:44,28.017,-97.5169,78.87,64,7,5.44
2,Hermanus,ZA,2022-12-11 17:31:19,-34.4187,19.2345,71.8,90,74,17.63
3,Houma,US,2022-12-11 17:31:19,29.5958,-90.7195,73.4,100,100,9.22
4,Avarua,CK,2022-12-11 17:31:20,-21.2078,-159.775,73.45,68,20,5.75
5,Carbonear,CA,2022-12-11 17:31:20,47.7332,-53.2148,33.6,87,99,14.09
6,Zhengjiatun,CN,2022-12-11 17:31:20,43.5064,123.5064,21.54,45,100,16.04
7,Hilo,US,2022-12-11 17:30:50,19.7297,-155.09,69.28,94,20,5.99
8,Busselton,AU,2022-12-11 17:31:21,-33.65,115.3333,54.01,67,0,13.69
9,Broken Hill,AU,2022-12-11 17:31:21,-31.95,141.4333,56.93,52,28,22.01
10,Guerrero Negro,MX,2022-12-11 17:27:17,27.9769,-114.0611,63.72,64,75,14.65
11,Albany,US,2022-12-11 17:31:21,42.6001,-73.9662,32.23,87,100,1.01
12,Kodiak,US,2022-12-11 17:31:22,57.79,-152.4072,33.31,100,100,3.44
13,Davila,PH,2022-12-11 17:31:22,18.4726,120.5763,76.41,83,80,16.89
14,Elliot,ZA,2022-12-11 17:31:22,-31.3333,27.85,60.64,94,100,6.35
15,Hambantota,LK,2022-12-11 17:31:23,6.1241,81.1185,75.65,87,69,11.21
16,Atambua,ID,2022-12-11 17:31:23,-9.1061,124.8925,74.17,81,99,2.19
17,Belmonte,BR,2022-12-11 17:31:23,-15.8631,-38.8828,81.54,74,94,12.97
18,Hasaki,JP,2022-12-11 17:31:24,35.7333,140.8333,46.8,55,100,24.61
19,Jamestown,US,2022-12-11 17:30:34,42.097,-79.2353,37.02,75,100,13.0
20,Marsa Matruh,EG,2022-12-11 17:31:24,31.3525,27.2453,68.18,53,100,6.13
21,Yellowknife,CA,2022-12-11 17:26:58,62.456,-114.3525,-10.68,77,75,4.61
22,Aklavik,CA,2022-12-11 17:26:36,68.2191,-135.0107,-16.6,76,0,9.22
23,Lagoa,PT,2022-12-11 17:31:25,39.05,-27.9833,63.0,83,2,34.16
24,New Norfolk,AU,2022-12-11 17:31:25,-42.7826,147.0587,55.92,89,100,2.33
25,Rikitea,PF,2022-12-11 17:31:25,-23.1203,-134.9692,76.42,77,67,17.9
26,Bluff,NZ,2022-12-11 17:31:26,-46.6,168.3333,51.06,94,57,3.98
27,Kaitangata,NZ,2022-12-11 17:31:26,-46.2817,169.8464,52.72,94,64,2.26
28,Hobart,AU,2022-12-11 17:31:26,-42.8794,147.3294,56.26,97,100,5.75
29,Bairiki,KI,2022-12-11 17:31:27,1.3292,172.9752,78.8,78,20,6.91
30,Esperance,AU,2022-12-11 17:31:27,-33.8667,121.9,55.92,65,7,7.83
31,Darhan,MN,2022-12-11 17:31:27,49.4867,105.9228,2.86,97,100,1.68
32,Mount Gambier,AU,2022-12-11 17:31:28,-37.8333,140.7667,48.85,93,49,7.31
33,Furtwangen,DE,2022-12-11 17:31:28,48.05,8.2,21.76,89,50,0.67
34,Khatanga,RU,2022-12-11 17:31:28,71.9667,102.5,-2.58,95,100,16.62
35,Ushuaia,AR,2022-12-11 17:28:17,-54.8,-68.3,49.66,62,75,12.66
36,Zhuhai,CN,2022-12-11 17:31:29,22.2769,113.5678,60.58,67,40,20.71
37,Cascais,PT,2022-12-11 17:31:29,38.6979,-9.4215,66.94,96,75,20.0
38,Broome,US,2022-12-11 17:31:30,42.2506,-75.833,34.7,89,100,5.75
39,Deputatskiy,RU,2022-12-11 17:31:30,69.3,139.9,-30.37,93,100,7.16
40,Tarko-Sale,RU,2022-12-11 17:31:30,64.9225,77.785,-20.69,99,26,8.84
41,Kavaratti,IN,2022-12-11 17:31:30,10.5669,72.642,81.95,70,100,17.16
42,Povenets,RU,2022-12-11 17:31:31,62.8487,34.8262,4.08,96,54,5.17
43,Half Moon Bay,US,2022-12-11 17:29:18,37.4636,-122.4286,49.32,90,75,11.5
44,Dikson,RU,2022-12-11 17:31:31,73.5069,80.5464,13.44,97,100,11.16
45,Castro,BR,2022-12-11 17:31:32,-24.7911,-50.0119,77.77,72,78,8.5
46,Kristiinankaupunki,FI,2022-12-11 17:32:32,62.2743,21.376,23.52,89,96,10.78
47,Saint-Philippe,RE,2022-12-11 17:32:32,-21.3585,55.7679,76.59,84,47,12.21
48,Russell,US,2022-12-11 17:32:33,32.3502,-85.1999,60.08,82,40,4.61
49,Daru,PG,2022-12-11 17:32:33,-9.0763,143.2092,79.23,86,96,6.93
50,Bredasdorp,ZA,2022-12-11 17:32:33,-34.5322,20.0403,69.19,94,95,15.93
51,Padang,ID,2022-12-11 17:32:34,-0.9492,100.3543,73.45,95,100,1.83
52,Kuytun,RU,2022-12-11 17:32:34,54.3419,101.5036,-3.59,83,100,15.01
53,College,US,2022-12-11 17:32:34,64.8569,-147.8028,6.91,82,75,0.0
54,Arraial Do Cabo,BR,2022-12-11 17:32:34,-22.9661,-42.0278,87.76,66,0,8.05
55,Victoria,HK,2022-12-11 17:29:09,22.2855,114.1577,63.25,78,95,9.64
56,Portland,US,2022-12-11 17:32:35,45.5234,-122.6762,44.29,94,100,1.01
57,Los Llanos De Aridane,ES,2022-12-11 17:32:31,28.6585,-17.9182,73.13,89,20,6.91
58,Qaanaaq,GL,2022-12-11 17:32:35,77.484,-69.3632,-14.46,73,11,8.81
59,Tuktoyaktuk,CA,2022-12-11 17:32:36,69.4541,-133.0374,-16.6,76,0,10.36
60,Manta,EC,2022-12-11 17:32:36,-0.95,-80.7333,82.18,61,40,8.05
61,Korla,CN,2022-12-11 17:32:36,41.7597,86.1469,17.78,57,0,4.03
62,Hualmay,PE,2022-12-11 17:32:37,-11.0964,-77.6139,72.32,73,99,7.78
63,Plouzane,FR,2022-12-11 17:32:37,48.3833,-4.6167,37.58,100,100,6.91
64,Vaini,TO,2022-12-11 17:32:37,-21.2,-175.2,77.16,88,75,14.97
65,Bagdarin,RU,2022-12-11 17:32:37,54.4333,113.6,-2.45,60,100,10.33
66,Ahipara,NZ,2022-12-11 17:32:38,-35.1667,173.1667,60.35,89,84,5.61
67,Port Blair,IN,2022-12-11 17:32:38,11.6667,92.75,78.84,89,40,1.14
68,Muroto,JP,2022-12-11 17:32:38,33.2833,134.15,51.8,60,66,16.51
69,Gautier,US,2022-12-11 17:32:39,30.3858,-88.6117,66.96,97,100,4.61
70,Asfi,MA,2022-12-11 17:32:39,32.2994,-9.2372,65.3,89,62,13.09
71,Geraldton,AU,2022-12-11 17:32:39,-28.7667,114.6,61.21,67,0,10.36
72,Luanda,AO,2022-12-11 17:32:40,-8.8368,13.2343,78.8,83,75,10.36
73,Georgetown,MY,2022-12-11 17:29:16,5.4112,100.3354,79.9,85,20,3.44
74,Calabar,NG,2022-12-11 17:32:40,4.9517,8.322,81.14,72,83,7.02
75,Abu Dhabi,AE,2022-12-11 17:29:03,24.4667,54.3667,75.22,58,40,8.05
76,Tiksi,RU,2022-12-11 17:32:40,71.6872,128.8694,-22.18,98,100,10.47
77,Sovetskiy,RU,2022-12-11 17:32:41,61.3614,63.5842,-2.9,97,99,8.43
78,Te Anau,NZ,2022-12-11 17:32:41,-45.4167,167.7167,51.21,96,58,1.43
79,Kapaa,US,2022-12-11 17:32:41,22.0752,-159.319,70.11,93,100,1.01
80,Port Elizabeth,ZA,2022-12-11 17:32:42,-33.918,25.5701,75.09,94,100,11.5
81,Kavieng,PG,2022-12-11 17:32:42,-2.5744,150.7967,81.01,77,84,7.99
82,Katsuura,JP,2022-12-11 17:32:42,35.1333,140.3,49.6,66,100,20.6
83,Farrukhnagar,IN,2022-12-11 17:32:43,17.0778,78.2011,69.51,90,73,9.26
84,Sobolevo,RU,2022-12-11 17:32:43,54.4299,31.8996,38.25,100,100,16.15
85,Pacatuba,BR,2022-12-11 17:32:43,-3.9842,-38.6203,94.73,47,37,13.71
86,Nikolskoye,RU,2022-12-11 17:32:44,59.7035,30.7861,21.09,92,100,8.79
87,Birjand,IR,2022-12-11 17:32:44,32.8663,59.2211,36.07,75,20,0.0
88,Cabo San Lucas,MX,2022-12-11 17:32:44,22.8909,-109.9124,79.05,60,20,2.3
89,Ballina,AU,2022-12-11 17:32:45,-28.8667,153.5667,67.01,95,12,11.72
90,Saskylakh,RU,2022-12-11 17:32:45,71.9167,114.0833,-4.0,95,100,15.43
91,Barrow,US,2022-12-11 17:32:14,71.2906,-156.7887,6.82,78,0,23.02
92,Punta Arenas,CL,2022-12-11 17:33:45,-53.15,-70.9167,57.31,41,0,16.11
93,Bridlington,GB,2022-12-11 17:33:46,54.0831,-0.1919,31.89,89,15,5.99
94,Palana,RU,2022-12-11 17:33:46,59.1167,159.9667,4.78,85,99,10.6
95,Carballo,ES,2022-12-11 17:33:46,43.213,-8.691,51.87,84,91,3.22
96,Yulara,AU,2022-12-11 17:33:47,-25.2406,130.9889,66.02,46,19,24.96
97,Chokurdakh,RU,2022-12-11 17:33:47,70.6333,147.9167,-13.74,96,100,9.13
98,Savannah Bight,HN,2022-12-11 17:33:47,16.45,-85.85,77.63,75,5,2.98
99,Vila Franca Do Campo,PT,2022-12-11 17:33:48,37.7167,-25.4333,66.2,90,87,26.62
100,Santa Isabel,BR,2022-12-11 17:33:48,-23.3156,-46.2214,91.11,68,48,2.64
101,Cape Town,ZA,2022-12-11 17:30:00,-33.9258,18.4232,80.11,69,20,17.27
102,Tres Coracoes,BR,2022-12-11 17:33:48,-21.6969,-45.2533,83.55,52,61,3.8
103,Nemuro,JP,2022-12-11 17:33:49,43.3236,145.575,30.45,62,16,19.48
104,Mezen,RU,2022-12-11 17:33:49,65.8522,44.24,-7.89,100,64,0.4
105,Port Alfred,ZA,2022-12-11 17:33:49,-33.5906,26.891,70.18,93,97,5.99
106,Labuhan,ID,2022-12-11 17:33:50,-6.8844,112.2051,79.48,80,100,1.43
107,Airai,TL,2022-12-11 17:33:50,-8.9266,125.4092,60.85,89,99,1.14
108,Luderitz,NA,2022-12-11 17:33:50,-26.6481,15.1594,65.98,87,5,5.48
109,Charters Towers,AU,2022-12-11 17:33:51,-20.1,146.2667,73.98,81,1,8.75
110,Klaksvik,FO,2022-12-11 17:33:51,62.2266,-6.589,36.52,74,100,35.61
111,Mar Del Plata,AR,2022-12-11 17:30:05,-38.0023,-57.5575,74.08,96,75,7.0
112,Saint-Augustin,CA,2022-12-11 17:33:51,51.226,-58.6502,11.64,67,5,11.27
113,Puerto Ayora,EC,2022-12-11 17:33:52,-0.7393,-90.3518,82.36,90,53,10.0
114,Kahului,US,2022-12-11 17:33:12,20.8947,-156.47,74.84,77,20,14.97
115,Ribeira Grande,PT,2022-12-11 17:33:52,38.5167,-28.7,66.6,88,40,23.02
116,Baherden,TM,2022-12-11 17:33:53,38.4362,57.4316,35.02,53,4,6.85
117,Tura,IN,2022-12-11 17:33:53,25.5198,90.2201,59.68,70,3,3.09
118,Namibe,AO,2022-12-11 17:33:53,-15.1961,12.1522,70.11,76,15,8.21
119,Meulaboh,ID,2022-12-11 17:33:54,4.1363,96.1285,74.03,92,100,3.89
120,Chiang Klang,TH,2022-12-11 17:33:54,19.2938,100.8617,68.14,91,16,1.12
121,Atuona,PF,2022-12-11 17:33:54,-9.8,-139.0333,78.04,78,35,19.95
122,Guasdualito,VE,2022-12-11 17:33:55,7.2424,-70.7324,86.0,62,29,4.61
123,Hithadhoo,MV,2022-12-11 17:33:55,-0.6,73.0833,82.11,76,100,16.35
124,Saint George,US,2022-12-11 17:33:55,37.1041,-113.5841,52.95,33,100,16.11
125,Chumikan,RU,2022-12-11 17:33:55,54.7183,135.315,-2.76,82,90,16.13
126,Atenas,GR,2022-12-11 17:29:44,37.9795,23.7162,64.33,73,40,8.99
127,Carazinho,BR,2022-12-11 17:33:56,-28.2839,-52.7864,90.84,23,34,4.23
128,Bambous Virieux,MU,2022-12-11 17:33:56,-20.3428,57.7575,77.25,73,40,6.91
129,Alingsas,SE,2022-12-11 17:33:57,57.9303,12.5335,22.19,96,28,5.12
130,Kupang,ID,2022-12-11 17:33:57,-10.1667,123.5833,78.62,82,100,3.2
131,Dingle,PH,2022-12-11 17:33:57,10.9995,122.6711,74.59,93,100,1.74
132,Berlevag,NO,2022-12-11 17:33:58,70.8578,29.0864,19.2,57,6,11.5
133,Chapais,CA,2022-12-11 17:33:58,49.7834,-74.8492,6.58,70,20,6.64
134,Uruzgan,AF,2022-12-11 17:33:58,32.8333,66.0,37.26,96,100,1.5
135,Tasiilaq,GL,2022-12-11 17:33:59,65.6145,-37.6368,26.76,57,3,5.91
136,Itarema,BR,2022-12-11 17:33:59,-2.9248,-39.9167,85.62,62,12,18.12
137,Nuuk,GL,2022-12-11 17:33:59,64.1835,-51.7216,25.41,54,0,9.22
138,Pacific Grove,US,2022-12-11 17:35:00,36.6177,-121.9166,48.51,82,40,13.0
139,Lebu,CL,2022-12-11 17:35:00,-37.6167,-73.65,63.52,67,0,18.14
140,Torbay,CA,2022-12-11 17:30:24,47.6666,-52.7314,32.76,94,100,13.8
141,Paamiut,GL,2022-12-11 17:35:00,61.994,-49.6678,19.4,65,0,8.25
142,Port Macquarie,AU,2022-12-11 17:35:01,-31.4333,152.9167,63.9,94,44,9.69
143,Flinders,AU,2022-12-11 17:35:01,-34.5833,150.8552,71.38,76,97,5.99
144,Harper,LR,2022-12-11 17:35:01,4.375,-7.7169,79.79,79,80,6.67
145,Tual,ID,2022-12-11 17:35:02,-5.6667,132.75,83.12,72,100,9.4
146,Cherskiy,RU,2022-12-11 17:35:02,68.75,161.3,-31.95,95,100,4.56
147,Saldanha,ZA,2022-12-11 17:35:02,-33.0117,17.9442,68.05,86,95,10.33
148,Lakhimpur,IN,2022-12-11 17:35:03,27.95,80.7667,63.05,38,7,7.58
149,Phalaborwa,ZA,2022-12-11 17:35:03,-23.943,31.1411,83.48,57,51,10.27
150,Komsomolsk-Na-Amure,RU,2022-12-11 17:35:03,50.552,137.0152,-5.53,100,87,5.26
151,Alindao,CF,2022-12-11 17:35:04,5.0267,21.2088,84.72,32,54,0.74
152,Wanning,CN,2022-12-11 17:35:04,18.8003,110.3967,61.47,79,86,8.55
153,Agadir,MA,2022-12-11 17:35:04,30.4202,-9.5982,73.85,70,67,6.04
154,Terra Roxa,BR,2022-12-11 17:35:05,-23.8557,-50.0314,81.75,69,78,4.68
155,Dali,CN,2022-12-11 17:35:05,25.7,100.1833,43.27,58,0,3.58
156,Grindavik,IS,2022-12-11 17:35:06,63.8424,-22.4338,34.27,75,0,3.44
157,Acapulco,MX,2022-12-11 17:35:06,16.8634,-99.8901,84.02,61,0,0.0
158,Mayo,US,2022-12-11 17:35:06,38.8876,-76.5119,46.4,88,100,1.01
159,Kichera,RU,2022-12-11 17:35:07,55.9375,110.0997,-8.12,84,98,7.07
160,Ambilobe,MG,2022-12-11 17:35:07,-13.2,49.05,76.23,82,64,4.81
161,Sao Filipe,CV,2022-12-11 17:35:07,14.8961,-24.4956,78.98,71,0,10.02
162,West Bay,KY,2022-12-11 17:35:08,19.3667,-81.4167,84.0,72,20,13.8
163,San Quintin,MX,2022-12-11 17:35:08,30.4833,-115.95,61.14,62,59,3.15
164,Ponta Do Sol,PT,2022-12-11 17:35:08,32.6667,-17.1,74.71,83,38,5.57
165,Pangnirtung,CA,2022-12-11 17:35:09,66.1451,-65.7125,12.2,79,75,0.0
166,Cidreira,BR,2022-12-11 17:35:09,-30.1811,-50.2056,77.32,77,67,11.43
167,Ilulissat,GL,2022-12-11 17:31:45,69.2167,-51.1,15.82,62,40,3.44
168,East London,ZA,2022-12-11 17:35:09,-33.0153,27.9116,72.54,88,0,10.36
169,Najran,SA,2022-12-11 17:35:10,17.4924,44.1277,61.45,52,6,2.8
170,Komsomolskiy,UZ,2022-12-11 17:35:10,40.4272,71.7189,29.12,86,75,2.3
171,Namatanai,PG,2022-12-11 17:35:10,-3.6667,152.4333,78.64,82,96,5.03
172,Thompson,CA,2022-12-11 17:35:11,55.7435,-97.8558,23.16,93,100,3.44
173,Warrington,GB,2022-12-11 17:35:11,53.3925,-2.5802,35.62,90,20,3.44
174,Quatre Cocos,MU,2022-12-11 17:35:11,-20.2078,57.7625,77.11,80,17,12.66
175,Whitley Bay,GB,2022-12-11 17:35:12,55.0397,-1.4471,34.59,95,40,4.61
176,Matara,LK,2022-12-11 17:35:12,5.9485,80.5353,75.6,92,90,7.83
177,Saint-Pierre,RE,2022-12-11 17:35:12,-21.3393,55.4781,76.68,83,42,18.41
178,Ostersund,SE,2022-12-11 17:35:13,63.1792,14.6357,21.65,100,100,4.61
179,Iguape,BR,2022-12-11 17:35:13,-24.7081,-47.5553,80.83,76,84,8.23
180,Sehithwa,BW,2022-12-11 17:35:13,-20.4667,22.7167,79.03,52,93,5.79
181,Banda Aceh,ID,2022-12-11 17:35:14,5.5577,95.3222,76.19,83,100,7.83
182,Grand Gaube,MU,2022-12-11 17:35:14,-20.0064,57.6608,77.4,73,5,5.01
183,Pevek,RU,2022-12-11 17:35:14,69.7008,170.3133,-10.19,98,100,18.97
184,Isla Vista,US,2022-12-11 17:35:15,34.4133,-119.861,57.83,71,40,10.36
185,Butaritari,KI,2022-12-11 17:36:15,3.0707,172.7902,81.05,72,49,12.39
186,Iqaluit,CA,2022-12-11 17:36:16,63.7506,-68.5145,-0.67,71,75,0.0
187,Provideniya,RU,2022-12-11 17:36:16,64.3833,-173.3,20.19,87,98,30.6
188,Chuy,UY,2022-12-11 17:36:16,-33.6971,-53.4616,91.29,35,0,9.73
189,Carnarvon,AU,2022-12-11 17:36:17,-24.8667,113.6333,70.65,75,0,22.5
190,Bengkulu,ID,2022-12-11 17:36:17,-3.8004,102.2655,75.83,83,100,8.52
191,Yarim,YE,2022-12-11 17:36:17,14.298,44.3779,51.94,54,53,5.82
192,Great Yarmouth,GB,2022-12-11 17:36:18,52.6083,1.7305,36.01,74,89,5.37
193,Sechura,PE,2022-12-11 17:36:18,-5.5569,-80.8222,79.65,57,80,11.7
194,Drabiv,UA,2022-12-11 17:36:18,49.963,32.1529,52.14,94,100,22.03
195,Sao Francisco,BR,2022-12-11 17:36:19,-15.9486,-44.8644,85.69,57,97,1.74
196,Nome,US,2022-12-11 17:36:19,64.5011,-165.4064,30.27,93,100,9.22
197,Lethem,GY,2022-12-11 17:36:19,3.3803,-59.7968,86.85,61,51,7.49
198,Lahij,YE,2022-12-11 17:36:20,13.1667,44.5833,71.91,63,39,5.79
199,Coihaique,CL,2022-12-11 17:33:10,-45.5752,-72.0662,61.41,58,75,8.05
200,Ust-Omchug,RU,2022-12-11 17:36:20,61.15,149.6333,-46.3,99,90,1.95
201,Salinopolis,BR,2022-12-11 17:36:21,-0.6136,-47.3561,83.75,68,47,12.73
202,Poum,NC,2022-12-11 17:36:21,-20.2333,164.0167,79.25,75,4,4.54
203,Uberaba,BR,2022-12-11 17:36:21,-19.7483,-47.9319,77.58,69,40,12.66
204,Soltsy,RU,2022-12-11 17:36:22,58.1239,30.3238,20.62,91,100,13.69
205,Hobyo,SO,2022-12-11 17:36:22,5.3505,48.5268,78.96,67,82,21.18
206,Rocha,UY,2022-12-11 17:32:06,-34.4833,-54.3333,103.08,15,0,10.96
207,Dobrinka,RU,2022-12-11 17:36:22,52.1653,40.4731,35.37,90,100,19.73
208,Esterhazy,CA,2022-12-11 17:36:23,50.65,-102.0843,11.25,87,80,12.28
209,Seoul,KR,2022-12-11 17:33:05,37.5683,126.9778,29.64,84,0,2.3
210,Neryungri,RU,2022-12-11 17:36:23,56.6709,124.6491,-5.15,99,100,6.15
211,Longyearbyen,SJ,2022-12-11 17:36:23,78.2186,15.6401,22.84,74,75,26.46
212,Dawlatabad,AF,2022-12-11 17:36:24,36.4141,64.9053,37.47,61,100,3.0
213,Glazov,RU,2022-12-11 17:36:25,58.1394,52.6584,26.98,96,100,11.7
214,Koumac,NC,2022-12-11 17:36:25,-20.5667,164.2833,77.72,80,1,3.11
215,Buraydah,SA,2022-12-11 17:36:25,26.326,43.975,63.05,31,0,8.55
216,Teruel,ES,2022-12-11 17:36:26,40.6667,-0.6667,36.68,98,100,4.05
217,Tutoia,BR,2022-12-11 17:36:26,-2.7619,-42.2744,83.98,68,29,15.1
218,Raga,SS,2022-12-11 17:36:26,8.4596,25.678,76.82,18,11,3.24
219,San Cristobal,VE,2022-12-11 17:36:27,7.7669,-72.225,71.78,64,69,4.54
220,Talnakh,RU,2022-12-11 17:36:27,69.4865,88.3972,-24.7,100,100,8.86
221,Souillac,MU,2022-12-11 17:36:27,-20.5167,57.5167,77.38,73,40,6.91
222,Leh,IN,2022-12-11 17:36:28,34.1667,77.5833,18.64,49,73,1.21
223,Kirakira,SB,2022-12-11 17:36:28,-10.4544,161.9205,78.93,81,100,4.74
224,Severnyy,RU,2022-12-11 17:36:28,50.677,36.5532,42.84,75,0,20.13
225,Mogadishu,SO,2022-12-11 17:34:34,2.0371,45.3438,79.99,73,34,18.39
226,Gobabis,NA,2022-12-11 17:36:29,-22.45,18.9667,75.6,47,67,17.25
227,Camargo,MX,2022-12-11 17:37:29,27.6667,-105.1667,68.29,27,59,3.36
228,Faanui,PF,2022-12-11 17:36:41,-16.4833,-151.75,78.03,75,100,9.33
229,Norman Wells,CA,2022-12-11 17:37:29,65.282,-126.8329,-25.56,68,20,4.61
230,Nouadhibou,MR,2022-12-11 17:37:30,20.931,-17.0347,78.78,57,91,16.11
231,Zhigansk,RU,2022-12-11 17:37:30,66.7697,123.3711,-26.75,97,100,8.21
232,Chiredzi,ZW,2022-12-11 17:37:30,-21.05,31.6667,81.99,47,27,8.52
233,Upernavik,GL,2022-12-11 17:37:31,72.7868,-56.1549,10.71,86,78,16.13
234,Narsaq,GL,2022-12-11 17:37:31,60.9167,-46.05,30.42,66,11,8.99
235,Ostrovnoy,RU,2022-12-11 17:37:31,68.0531,39.5131,15.21,91,100,3.98
236,Bulawayo,ZW,2022-12-11 17:37:32,-20.15,28.5833,68.45,76,92,5.99
237,Roald,NO,2022-12-11 17:37:32,62.5833,6.1333,28.76,63,0,13.8
238,Bolintin Deal,RO,2022-12-11 17:37:32,44.4592,25.8211,44.87,87,88,14.29
239,Pierre,US,2022-12-11 17:37:33,44.3683,-100.351,38.28,55,0,12.66
240,Santa Vitoria Do Palmar,BR,2022-12-11 17:33:47,-33.5189,-53.3681,90.81,34,0,7.16
241,Bilgoraj,PL,2022-12-11 17:37:33,50.5411,22.722,26.65,95,100,11.14
242,Mbanza-Ngungu,CD,2022-12-11 17:37:33,-5.25,14.8667,69.1,94,30,2.84
243,Balabac,PH,2022-12-11 17:37:34,7.9868,117.0645,79.74,83,100,14.67
244,Khorixas,NA,2022-12-11 17:37:34,-20.3667,14.9667,73.17,31,11,18.45
245,Severo-Kurilsk,RU,2022-12-11 17:37:34,50.6789,156.125,25.74,71,100,15.66
246,Lompoc,US,2022-12-11 17:34:20,34.6391,-120.4579,55.02,89,75,8.05
247,Alofi,NU,2022-12-11 17:37:35,-19.0595,-169.9187,73.29,94,82,12.66
248,Verkhnevilyuysk,RU,2022-12-11 17:37:35,63.4453,120.3167,-51.34,99,71,3.98
249,Kulhudhuffushi,MV,2022-12-11 17:37:35,6.6221,73.07,81.25,75,22,15.61
250,Churapcha,RU,2022-12-11 17:37:35,62.0025,132.4325,-54.13,100,95,4.41
251,Manacapuru,BR,2022-12-11 17:37:36,-3.2997,-60.6206,93.45,42,67,0.78
252,Coquimbo,CL,2022-12-11 17:37:36,-29.9533,-71.3436,67.73,72,75,12.66
253,Rafai,CF,2022-12-11 17:37:36,4.95,23.9167,77.63,34,1,2.68
254,Bucerias,MX,2022-12-11 17:37:37,20.75,-105.3333,80.98,61,0,0.0
255,Matagami,CA,2022-12-11 17:37:37,49.7502,-77.6328,6.91,72,0,8.05
256,Mocuba,MZ,2022-12-11 17:37:37,-16.8392,36.9856,72.54,93,93,3.76
257,Jarvakandi,EE,2022-12-11 17:37:38,58.7789,24.8258,17.02,92,100,8.9
258,Bubaque,GW,2022-12-11 17:37:38,11.2833,-15.8333,81.52,73,16,14.0
259,Shimoda,JP,2022-12-11 17:37:38,34.6667,138.95,45.1,82,89,15.26
260,Sioux Lookout,CA,2022-12-11 17:37:39,50.1001,-91.917,26.67,93,100,4.61
261,Jumla,NP,2022-12-11 17:37:39,29.2747,82.1838,40.26,21,0,5.26
262,Morondava,MG,2022-12-11 17:37:39,-20.2833,44.2833,76.86,83,73,2.39
263,Sidi Ali,DZ,2022-12-11 17:37:40,36.0998,0.4206,63.45,71,100,26.89
264,Haines Junction,CA,2022-12-11 17:37:40,60.7522,-137.5108,-31.05,68,99,1.14
265,Gao,ML,2022-12-11 17:37:40,16.6362,1.637,76.03,11,82,10.11
266,Cap-Aux-Meules,CA,2022-12-11 17:36:06,47.3821,-61.8597,23.05,68,75,12.66
267,Bethel,US,2022-12-11 17:37:41,41.3712,-73.414,36.48,84,100,8.05
268,Leningradskiy,RU,2022-12-11 17:37:41,69.3833,178.4167,0.63,97,100,14.47
269,Pedreiras,BR,2022-12-11 17:37:41,-4.5688,-44.6003,90.0,52,67,1.45
270,Maroantsetra,MG,2022-12-11 17:37:42,-15.4333,49.7333,76.21,87,95,4.72
271,Maragogi,BR,2022-12-11 17:37:42,-9.0122,-35.2225,81.86,71,27,10.65
272,Bimbo,CF,2022-12-11 17:37:42,4.2567,18.4158,80.35,36,1,2.28
273,Xiaoweizhai,CN,2022-12-11 17:37:43,26.1903,107.5125,44.17,51,100,4.79
274,Santa Isabel Do Rio Negro,BR,2022-12-11 17:38:43,-0.4139,-65.0192,91.24,49,48,5.44
275,Goderich,CA,2022-12-11 17:34:00,43.7501,-81.7165,35.91,93,98,5.75
276,Parrita,CR,2022-12-11 17:38:43,9.5201,-84.3225,87.26,68,58,6.35
277,Mandalgovi,MN,2022-12-11 17:38:44,45.7625,106.2708,4.6,68,89,22.08
278,Richards Bay,ZA,2022-12-11 17:38:44,-28.783,32.0377,75.24,82,95,9.51
279,Vera Cruz,BR,2022-12-11 17:38:44,-12.6333,-41.0333,87.37,60,81,0.98
280,Mathathane,BW,2022-12-11 17:38:45,-22.2687,28.7495,82.74,45,85,17.47
281,Sabang,ID,2022-12-11 17:38:45,5.8933,95.3214,78.4,78,100,6.87
282,Atchison,US,2022-12-11 17:38:45,39.563,-95.1216,34.39,43,26,7.87
283,Aswan,EG,2022-12-11 17:38:45,24.0934,32.907,71.17,21,0,5.17
284,Goundam,ML,2022-12-11 17:38:46,16.4145,-3.6708,80.76,9,0,10.78
285,Kruisfontein,ZA,2022-12-11 17:38:46,-34.0033,24.7314,72.88,97,92,11.61
286,Riviere-Au-Renard,CA,2022-12-11 17:38:46,48.9957,-64.3971,19.69,55,24,16.17
287,Tank,PK,2022-12-11 17:38:47,32.2217,70.3793,61.74,27,53,2.8
288,Mason City,US,2022-12-11 17:35:40,43.1536,-93.201,34.57,85,100,3.44
289,Sitka,US,2022-12-11 17:38:47,57.0531,-135.33,24.69,74,75,6.91
290,Matiri,TZ,2022-12-11 17:38:48,-10.75,34.9,64.69,82,48,1.45
291,Dunmore Town,BS,2022-12-11 17:38:48,25.5,-76.65,75.49,69,5,4.81
292,Mackenzie,CA,2022-12-11 17:38:48,55.2999,-123.1698,1.62,78,0,0.0
293,Uyemskiy,RU,2022-12-11 17:38:49,64.4743,40.8524,-14.75,84,0,0.0
294,Ossora,RU,2022-12-11 17:38:49,59.2353,163.0719,4.64,80,45,5.93
295,Kpandae,GH,2022-12-11 17:38:49,8.4689,-0.0113,87.26,14,60,2.13
296,Bathsheba,BB,2022-12-11 17:38:50,13.2167,-59.5167,83.01,69,20,9.22
297,Concordia,AR,2022-12-11 17:38:50,-31.393,-58.0209,98.67,28,0,1.14
298,Sao Joao Da Barra,BR,2022-12-11 17:38:50,-21.6403,-41.0511,87.89,82,61,8.5
299,Port Hardy,CA,2022-12-11 17:38:51,50.6996,-127.4199,30.38,100,20,5.75
300,Trat,TH,2022-12-11 17:38:51,12.5,102.5,76.87,79,54,3.2
301,Iaciara,BR,2022-12-11 17:38:51,-14.0958,-46.6317,85.71,53,65,1.88
302,Vangaindrano,MG,2022-12-11 17:38:52,-23.35,47.6,74.62,89,70,7.43
303,Soyo,AO,2022-12-11 17:38:52,-6.1349,12.3689,77.47,86,69,6.29
304,Lincoln,US,2022-12-11 17:35:41,40.8,-96.667,43.14,68,32,7.0
305,Mokhsogollokh,RU,2022-12-11 17:38:52,61.4681,128.9203,-49.36,100,88,3.47
306,Lazaro Cardenas,MX,2022-12-11 17:38:53,17.9583,-102.2,82.38,62,18,5.88
307,Cairns,AU,2022-12-11 17:38:53,-16.9167,145.7667,76.95,89,56,9.22
308,Ahvaz,IR,2022-12-11 17:38:53,31.3203,48.6693,62.55,45,0,4.61
309,Rincon,US,2022-12-11 17:38:54,32.296,-81.2354,66.16,70,75,3.44
310,Riyadh,SA,2022-12-11 17:36:09,24.6877,46.7219,60.94,37,1,7.11
311,Niono,ML,2022-12-11 17:38:54,14.2526,-5.993,82.78,10,0,8.14
312,Irpa Irpa,BO,2022-12-11 17:38:55,-17.7167,-66.2667,71.26,29,100,6.49
313,Nhulunbuy,AU,2022-12-11 17:38:55,-12.2333,136.7667,83.01,74,100,5.75
314,Korgen,NO,2022-12-11 17:38:55,66.0771,13.8153,14.13,85,7,6.85
315,Vila Velha,BR,2022-12-11 17:38:56,-20.3297,-40.2925,85.95,85,40,17.27
316,Abu Kamal,SY,2022-12-11 17:38:56,34.4506,40.9171,57.81,49,60,7.02
317,Dong Hoi,VN,2022-12-11 17:38:56,17.4833,106.6,66.67,88,100,6.82
318,Limenaria,GR,2022-12-11 17:38:57,40.6261,24.5786,58.95,75,32,14.54
319,Dawei,MM,2022-12-11 17:39:57,14.0833,98.2,73.81,91,36,3.83
320,Shenkursk,RU,2022-12-11 17:39:57,62.1091,42.896,-1.89,97,23,3.78
321,Henties Bay,NA,2022-12-11 17:39:57,-22.116,14.2845,62.22,91,40,7.94
322,High Level,CA,2022-12-11 17:35:01,58.5169,-117.136,-11.09,77,100,6.91
323,Manyana,BW,2022-12-11 17:39:58,-23.4,21.7167,77.9,53,30,13.6
324,Fortuna,US,2022-12-11 17:39:58,40.5982,-124.1573,41.67,97,0,6.91
325,Kolosovka,RU,2022-12-11 17:39:58,56.4678,73.611,-6.36,99,76,6.78
326,Brae,GB,2022-12-11 17:39:59,60.3964,-1.353,38.41,80,100,15.14
327,Yar-Sale,RU,2022-12-11 17:39:59,66.8333,70.8333,-18.11,99,40,8.12
328,Huarmey,PE,2022-12-11 17:39:12,-10.0681,-78.1522,72.77,74,99,9.13
329,Tayoltita,MX,2022-12-11 17:40:00,24.0833,-105.9333,79.21,22,2,5.23
330,Horadiz,AZ,2022-12-11 17:40:00,39.4488,47.3353,41.77,81,1,0.83
331,Mnogovershinnyy,RU,2022-12-11 17:40:00,53.9353,139.9242,-10.41,81,11,5.77
332,Rawson,AR,2022-12-11 17:36:15,-43.3002,-65.1023,66.16,43,38,24.4
333,Nador,MA,2022-12-11 17:40:01,35.174,-2.9287,68.25,73,40,17.27
334,Kenai,US,2022-12-11 17:40:01,60.5544,-151.2583,23.14,93,100,17.27
335,Juarez,MX,2022-12-11 17:40:01,31.7333,-106.4833,57.69,41,0,11.5
336,Cangucu,BR,2022-12-11 17:40:02,-31.395,-52.6756,87.01,25,34,2.68
337,Christchurch,NZ,2022-12-11 17:35:46,-43.5333,172.6333,55.47,89,20,2.3
338,Birigui,BR,2022-12-11 17:40:02,-21.2886,-50.34,84.67,58,98,4.79
339,Naze,JP,2022-12-11 17:37:12,28.3667,129.4833,59.92,66,72,14.38
340,Arandis,NA,2022-12-11 17:40:03,-22.4167,14.9667,63.36,71,0,9.91
341,Cockburn Town,TC,2022-12-11 17:39:01,21.4612,-71.1419,80.56,54,40,13.8
342,Ambatolampy,MG,2022-12-11 17:40:03,-19.3833,47.4167,59.74,95,89,4.34
343,Sault Sainte Marie,CA,2022-12-11 17:37:19,46.5168,-84.3333,28.96,80,100,0.0
344,Rapar,IN,2022-12-11 17:40:03,23.5667,70.6333,72.41,31,0,7.94
345,Dunmore East,IE,2022-12-11 17:40:04,52.1514,-6.9861,34.09,79,20,10.36
346,Sinegorye,RU,2022-12-11 17:40:04,62.0788,150.477,-36.27,99,92,2.46
347,Letka,RU,2022-12-11 17:40:04,59.6011,49.4232,15.13,98,99,3.85
348,Forrest City,US,2022-12-11 17:40:05,35.0081,-90.7898,52.65,77,100,10.04
349,San Joaquin,US,2022-12-11 17:40:05,37.9333,-121.3011,50.09,84,20,12.66
350,Anadyr,RU,2022-12-11 17:40:05,64.75,177.4833,5.5,84,100,26.84
351,Garowe,SO,2022-12-11 17:36:48,8.4054,48.4845,73.69,47,7,18.32
352,Yashkul,RU,2022-12-11 17:40:06,46.1711,45.3435,36.77,79,55,19.55
353,Nisia Floresta,BR,2022-12-11 17:40:06,-6.0911,-35.2086,88.61,54,13,13.09
354,Keuruu,FI,2022-12-11 17:40:07,62.2667,24.7,21.79,94,100,8.34
355,Viedma,AR,2022-12-11 17:40:07,-40.8135,-62.9967,77.36,18,0,19.75
356,Mursalimkino,RU,2022-12-11 17:40:07,55.0379,58.5585,22.21,61,100,13.27
357,Varhaug,NO,2022-12-11 17:40:07,58.6147,5.6457,30.88,61,100,27.2
358,Beidao,CN,2022-12-11 17:40:08,34.5686,105.8933,26.11,47,86,2.66
359,Buala,SB,2022-12-11 17:40:08,-8.145,159.5921,79.5,83,96,6.46
360,Bilma,NE,2022-12-11 17:40:08,18.6853,12.9164,73.58,13,61,5.97
361,Sideropolis,BR,2022-12-11 17:40:09,-28.5978,-49.4244,85.23,64,78,5.82
362,Sovetsk,RU,2022-12-11 17:40:09,55.0839,21.8785,23.07,90,100,12.62
363,Nokaneng,BW,2022-12-11 17:40:09,-19.6667,22.2667,80.4,50,97,8.48
364,Derzhavinsk,KZ,2022-12-11 17:40:10,51.1,66.3167,4.39,83,36,8.59
365,Cabinda,AO,2022-12-11 17:40:10,-5.55,12.2,77.14,83,75,5.75
366,Dunedin,NZ,2022-12-11 17:37:30,-45.8742,170.5036,53.8,93,81,1.99
367,Canilla,GT,2022-12-11 17:40:11,15.1667,-90.85,76.35,49,0,4.18
368,Ocho Rios,JM,2022-12-11 17:41:11,18.4025,-77.1048,80.83,67,11,10.83
369,West Fargo,US,2022-12-11 17:37:31,46.875,-96.9004,25.99,78,0,10.36
370,Gloversville,US,2022-12-11 17:41:11,43.0528,-74.3438,29.98,94,100,8.05
371,Manokwari,ID,2022-12-11 17:41:12,-0.8667,134.0833,77.83,80,100,2.98
372,San Ramon De La Nueva Oran,AR,2022-12-11 17:41:12,-23.1322,-64.326,92.43,43,100,1.36
373,Turayf,SA,2022-12-11 17:41:12,31.6725,38.6637,53.85,76,0,9.22
374,Sioux City,US,2022-12-11 17:41:13,42.5,-96.4003,35.85,70,0,9.22
375,Wolgast,DE,2022-12-11 17:41:13,54.05,13.7667,32.02,95,92,5.21
376,Presidencia Roque Saenz Pena,AR,2022-12-11 17:41:13,-26.7852,-60.4388,91.24,49,100,2.89
377,Maceio,BR,2022-12-11 17:41:14,-9.6658,-35.7353,87.24,66,40,14.97
378,Husavik,IS,2022-12-11 17:41:14,66.0449,-17.3389,23.94,88,57,12.48
379,Monrovia,LR,2022-12-11 17:41:14,6.3005,-10.7969,83.97,76,14,9.17
380,Melfort,CA,2022-12-11 17:41:15,52.8667,-104.6177,24.93,58,100,6.91
381,Troitskiy,RU,2022-12-11 17:41:15,57.0603,63.7481,22.1,94,100,11.14
382,Toila,EE,2022-12-11 17:41:15,59.4236,27.5025,22.05,86,100,18.77
383,Mahebourg,MU,2022-12-11 17:41:16,-20.4081,57.7,77.29,73,40,6.91
384,Ural,RU,2022-12-11 17:41:16,55.9078,94.7464,-11.0,92,82,6.58
385,Praia Da Vitoria,PT,2022-12-11 17:38:29,38.7333,-27.0667,66.45,82,40,29.06
386,Puerto Madryn,AR,2022-12-11 17:41:16,-42.7692,-65.0385,74.95,20,47,26.53
387,Jiangyou,CN,2022-12-11 17:41:17,31.7667,104.7167,45.01,85,95,1.25
388,Sinnamary,GF,2022-12-11 17:41:17,5.3833,-52.95,75.2,92,95,2.3
389,Taksimo,RU,2022-12-11 17:41:17,56.3444,114.8794,-4.07,92,100,3.98
390,Lake Charles,US,2022-12-11 17:37:00,30.2131,-93.2044,67.98,94,100,10.36
391,Garissa,KE,2022-12-11 17:41:18,-0.4536,39.6401,79.63,72,85,12.08
392,Qasigiannguit,GL,2022-12-11 17:41:18,68.8193,-51.1922,16.05,71,76,4.68
393,Zyryanka,RU,2022-12-11 17:41:18,65.75,150.85,-39.69,95,68,8.3
394,Itamarandiba,BR,2022-12-11 17:41:19,-17.8572,-42.8589,76.95,66,99,3.85
395,Englehart,CA,2022-12-11 17:41:19,47.8169,-79.8664,14.02,79,0,5.75
396,Gayny,RU,2022-12-11 17:41:20,60.3071,54.3241,16.81,96,100,3.13
397,Saint Anthony,US,2022-12-11 17:41:20,45.0205,-93.218,35.91,85,100,1.01
398,Baykit,RU,2022-12-11 17:41:20,61.67,96.37,-22.99,98,72,3.02
399,Mitchell,US,2022-12-11 17:40:57,43.7094,-98.0298,30.11,80,0,18.41
400,George,ZA,2022-12-11 17:41:21,-33.963,22.4617,69.35,100,100,11.5
401,Bartica,GY,2022-12-11 17:41:21,6.4,-58.6167,82.72,87,54,4.68
402,Laguna,US,2022-12-11 17:41:21,38.421,-121.4238,47.28,90,100,14.97
403,Lata,PT,2022-12-11 17:41:22,40.1629,-8.3327,54.91,97,100,1.59
404,Puri,IN,2022-12-11 17:41:22,19.8,85.85,70.32,60,4,1.92
405,Upata,VE,2022-12-11 17:41:22,8.0086,-62.3989,83.19,73,86,2.24
406,Bambanglipuro,ID,2022-12-11 17:41:23,-7.95,110.2833,76.39,88,100,2.42
407,Road Town,VG,2022-12-11 17:41:23,18.4167,-64.6167,84.24,70,40,9.22
408,Port Keats,AU,2022-12-11 17:39:09,-14.25,129.55,84.09,78,93,11.12
409,San Jeronimo,PE,2022-12-11 17:41:23,-11.9472,-75.2829,58.37,58,100,8.3
410,Marsh Harbour,BS,2022-12-11 17:41:24,26.5412,-77.0636,75.67,69,0,1.03
411,Nizwa,OM,2022-12-11 17:41:24,22.9333,57.5333,66.07,58,2,6.44
412,Iida,JP,2022-12-11 17:41:24,35.5197,137.8207,36.03,97,52,5.1
413,Shingu,JP,2022-12-11 17:42:24,33.7333,135.9833,44.56,75,58,9.01
414,Ovalle,CL,2022-12-11 17:38:13,-30.5983,-71.2003,83.91,40,14,11.56
415,Antofagasta,CL,2022-12-11 17:42:25,-23.65,-70.4,70.88,64,94,7.76
416,Gazojak,TM,2022-12-11 17:42:25,41.1875,61.4036,26.87,38,0,7.85
417,Cayenne,GF,2022-12-11 17:42:26,4.9333,-52.3333,86.04,66,20,10.36
418,Ixtapa,MX,2022-12-11 17:37:29,20.7,-105.2,80.22,61,0,3.0
419,Flin Flon,CA,2022-12-11 17:38:35,54.7682,-101.865,12.04,85,100,4.61
420,Smithers,CA,2022-12-11 17:42:26,54.7804,-127.1743,17.92,93,75,2.3
421,Alexandria,EG,2022-12-11 17:40:13,31.2156,29.9553,67.03,59,65,3.56
422,Makat,KZ,2022-12-11 17:42:27,47.6469,53.3463,21.67,56,0,14.23
423,Tirumullaivasal,IN,2022-12-11 17:42:27,11.2333,79.8333,75.94,88,37,5.86
424,Saint-Georges,GD,2022-12-11 17:42:27,12.0564,-61.7485,83.88,58,20,9.22
425,Uchkent,RU,2022-12-11 17:42:28,43.1143,47.0826,44.24,81,81,21.21
426,Mitsamiouli,KM,2022-12-11 17:42:28,-11.3847,43.2844,81.59,77,81,9.08
427,Havoysund,NO,2022-12-11 17:42:28,70.9963,24.6622,21.43,82,30,8.93
428,Mount Isa,AU,2022-12-11 17:42:29,-20.7333,139.5,71.37,30,0,2.3
429,Bergerac,FR,2022-12-11 17:42:29,44.8333,0.5,35.78,86,0,2.3
430,Antigonish,CA,2022-12-11 17:42:29,45.6169,-61.9986,28.15,77,100,1.99
431,Emerald,AU,2022-12-11 17:38:04,-23.5333,148.1667,71.35,85,10,11.56
432,Vestmannaeyjar,IS,2022-12-11 17:42:30,63.4427,-20.2734,38.39,70,0,21.85
433,Dukhovshchina,RU,2022-12-11 17:42:30,55.1919,32.4111,31.64,97,100,14.94
434,Hurfeish,IL,2022-12-11 17:42:30,33.0171,35.3484,56.86,68,99,6.44
435,Kota Kinabalu,MY,2022-12-11 17:42:31,5.9749,116.0724,73.38,100,20,3.44
436,Stepnogorsk,KZ,2022-12-11 17:42:31,52.3544,71.8869,9.66,78,100,12.21
437,Amahai,ID,2022-12-11 17:42:31,-3.3333,128.9167,78.84,85,100,4.0
438,Tuatapere,NZ,2022-12-11 17:42:32,-46.1333,167.6833,51.44,94,43,2.42
439,Lukovetskiy,RU,2022-12-11 17:42:32,64.2956,41.9211,-11.18,99,11,2.21
440,Shushenskoye,RU,2022-12-11 17:42:32,53.325,91.9356,8.44,93,100,7.58
441,Nara,JP,2022-12-11 17:40:14,34.6851,135.8049,44.91,69,44,7.31
442,Sanghar,PK,2022-12-11 17:42:33,26.0466,68.9481,68.56,32,0,9.35
443,Kolondieba,ML,2022-12-11 17:42:33,11.0882,-6.8926,84.02,13,51,5.84
444,Khor,RU,2022-12-11 17:42:33,47.8861,134.9464,-3.68,97,39,3.38
445,Maningrida,AU,2022-12-11 17:42:34,-12.0667,134.2667,81.43,69,93,5.84
446,Margate,GB,2022-12-11 17:42:34,51.3813,1.3862,37.69,94,100,3.0
447,Salalah,OM,2022-12-11 17:42:34,17.0151,54.0924,80.69,39,0,10.36
448,Beringovskiy,RU,2022-12-11 17:42:35,63.05,179.3167,-1.97,92,61,9.4
449,Constitucion,CL,2022-12-11 17:42:06,-35.3333,-72.4167,71.58,50,41,20.98
450,San Javier,ES,2022-12-11 17:42:35,37.8063,-0.8374,58.71,82,40,5.75
451,Kalaleh,IR,2022-12-11 17:42:36,37.3807,55.4916,44.2,81,0,4.61
452,Brownwood,US,2022-12-11 17:38:03,31.7093,-98.9912,55.4,95,40,3.44
453,Viramgam,IN,2022-12-11 17:42:36,23.1225,72.0484,68.92,33,7,8.28
454,Labuan,MY,2022-12-11 17:42:36,5.2767,115.2417,79.16,94,20,0.0
455,Nanortalik,GL,2022-12-11 17:42:37,60.1432,-45.2371,28.35,81,99,6.13
456,Tacna,PE,2022-12-11 17:43:37,-18.0056,-70.2483,80.8,39,0,10.36
457,Joensuu,FI,2022-12-11 17:43:37,62.6012,29.7632,9.09,92,20,6.91
458,Ouadda,CF,2022-12-11 17:43:38,8.0777,22.4007,74.1,21,6,5.28
459,Qaqortoq,GL,2022-12-11 17:38:50,60.7167,-46.0333,18.91,69,37,8.81
460,Mehamn,NO,2022-12-11 17:43:38,71.0357,27.8492,17.55,73,0,12.66
461,Taoudenni,ML,2022-12-11 17:43:38,22.6783,-3.9836,81.01,11,0,2.17
462,Tigre,AR,2022-12-11 17:43:39,-34.426,-58.5796,101.21,44,0,17.27
463,Zhangye,CN,2022-12-11 17:43:39,38.9342,100.4517,14.31,66,26,4.56
464,Hwange,ZW,2022-12-11 17:43:39,-18.3693,26.5019,77.02,62,37,3.0
465,Biak,ID,2022-12-11 17:43:40,-0.9131,122.8766,75.34,86,91,1.74
466,Erenhot,CN,2022-12-11 17:43:40,43.6475,111.9767,14.7,61,76,30.4
467,Pioner,RU,2022-12-11 17:43:40,55.3166,85.9508,-4.56,83,40,2.24
468,Ozernovskiy,RU,2022-12-11 17:43:41,51.5,156.5167,27.21,61,100,17.45
469,Dubbo,AU,2022-12-11 17:43:41,-32.25,148.6167,78.93,36,100,19.57
470,Acari,PE,2022-12-11 17:43:41,-15.4311,-74.6158,80.89,55,89,11.61
471,Vershino-Shakhtaminskiy,RU,2022-12-11 17:43:42,51.3012,117.8868,2.7,97,100,2.86
472,Totoro,CO,2022-12-11 17:43:42,2.512,-76.4012,60.37,77,71,0.76
473,Chenghai,CN,2022-12-11 17:43:42,23.4632,116.768,58.91,72,40,4.47
474,San Policarpo,PH,2022-12-11 17:43:43,12.1791,125.5072,76.35,90,100,3.74
475,Carlos Chagas,BR,2022-12-11 17:43:43,-17.7031,-40.7664,86.83,62,86,6.35
476,Ndele,CF,2022-12-11 17:42:51,8.4109,20.6473,78.57,16,0,4.72
477,Port Augusta,AU,2022-12-11 17:43:43,-32.5,137.7667,55.06,65,10,14.9
478,Sirnak,TR,2022-12-11 17:43:44,37.5228,42.4594,39.27,62,32,1.86
479,Kobayashi,JP,2022-12-11 17:43:44,31.9833,130.9833,40.12,79,2,2.53
480,Laukaa,RU,2022-12-11 17:43:44,58.7372,29.8453,18.16,91,100,11.21
481,Kedrovyy,RU,2022-12-11 17:43:45,56.1667,91.8167,-16.19,100,78,1.1
482,Mana,GF,2022-12-11 17:43:45,5.6592,-53.7767,76.73,89,86,7.76
483,Nalut,LY,2022-12-11 17:43:45,30.3333,10.85,61.29,37,99,9.33
484,Meadow Lake,US,2022-12-11 17:43:46,34.8014,-106.5436,56.66,38,0,10.8
485,Upington,ZA,2022-12-11 17:43:46,-28.4478,21.2561,88.18,37,40,12.66
486,Baraboo,US,2022-12-11 17:43:46,43.4711,-89.7443,36.23,91,100,3.44
487,Touros,BR,2022-12-11 17:43:45,-5.1989,-35.4608,84.07,64,7,13.85
488,Ketchikan,US,2022-12-11 17:43:47,55.3422,-131.6461,30.18,80,20,5.75
489,Sauk Rapids,US,2022-12-11 17:43:47,45.5919,-94.1661,32.9,82,100,3.44
490,Vao,NC,2022-12-11 17:43:47,-22.6667,167.4833,77.0,70,31,11.1
491,Lorengau,PG,2022-12-11 17:43:48,-2.0226,147.2712,81.01,77,57,5.06
492,Vikarabad,IN,2022-12-11 17:41:49,17.3333,77.9,67.19,90,53,8.32
493,Vodyane,UA,2022-12-11 17:43:48,47.4875,34.4924,52.12,84,100,22.24
494,Smidovich,RU,2022-12-11 17:43:48,48.6,133.8167,-7.47,99,17,3.04
495,Kakonko,TZ,2022-12-11 17:43:49,-3.2828,30.9642,65.21,93,100,1.83
496,Ararangua,BR,2022-12-11 17:43:49,-28.9347,-49.4858,81.16,73,83,9.71
497,Awjilah,LY,2022-12-11 17:44:49,29.1081,21.2869,67.84,50,66,10.56
498,Codrington,AU,2022-12-11 17:44:50,-38.2667,141.9667,50.29,81,71,11.48
499,Deer Lake,CA,2022-12-11 17:44:50,49.1667,-57.4316,22.86,58,20,5.75
500,Nago,JP,2022-12-11 17:44:50,26.5881,127.9761,65.25,77,94,16.08
501,Neuhof,DE,2022-12-11 17:44:51,50.4531,9.6175,29.46,88,99,2.64
502,Puerto Palomas,MX,2022-12-11 17:44:51,31.7667,-107.6167,59.31,33,0,5.88
503,Bahir Dar,ET,2022-12-11 17:44:51,11.5936,37.3908,65.41,64,81,2.46
504,Ende,ID,2022-12-11 17:44:52,-8.8432,121.6623,78.76,84,95,1.97
505,Highland Springs,US,2022-12-11 17:44:52,37.546,-77.3278,53.06,76,100,3.44
506,Gimli,CA,2022-12-11 17:44:03,50.6336,-96.9907,30.22,93,100,5.75
507,San Martin,AR,2022-12-11 17:44:52,-33.081,-68.4681,90.14,24,7,10.13
508,Arlit,NE,2022-12-11 17:44:53,18.7369,7.3853,76.68,10,73,7.36
509,Mackay,AU,2022-12-11 17:44:53,-21.15,149.2,74.68,80,14,6.76
510,Ulaangom,MN,2022-12-11 17:44:53,49.9811,92.0667,-7.49,94,100,1.3
511,Tromso,NO,2022-12-11 17:44:54,69.6496,18.957,22.37,86,0,3.44
512,Novo Aripuana,BR,2022-12-11 17:44:54,-5.1206,-60.3797,96.82,33,83,4.81
513,Rurrenabaque,BO,2022-12-11 17:44:54,-14.4413,-67.5278,89.24,63,87,4.99
514,Samarai,PG,2022-12-11 17:44:54,-10.6167,150.6667,82.58,79,68,6.96
515,Tarata,BO,2022-12-11 17:44:55,-17.6167,-66.0167,67.08,36,100,6.78
516,Katyuzhanka,UA,2022-12-11 17:44:55,50.806,30.1376,50.0,95,100,15.39
517,Xining,CN,2022-12-11 17:44:55,36.6167,101.7667,14.52,69,3,4.63
518,Laon,FR,2022-12-11 17:44:56,49.5667,3.6667,28.18,84,66,5.19
519,Flic En Flac,MU,2022-12-11 17:44:56,-20.2742,57.3631,77.56,78,23,9.6
520,Gariaband,IN,2022-12-11 17:44:56,20.635,82.0614,68.74,77,55,2.68
521,Tyrma,RU,2022-12-11 17:44:57,50.0833,132.1667,-18.53,100,83,2.1
522,Clyde River,CA,2022-12-11 17:42:48,70.4692,-68.5914,-1.97,84,100,0.0
523,Delijan,IR,2022-12-11 17:44:57,33.9905,50.6838,40.5,53,1,1.25
524,Slave Lake,CA,2022-12-11 17:44:57,55.2834,-114.769,-2.22,78,100,20.71
525,Oktyabrskoye,RU,2022-12-11 17:44:58,43.0645,44.7417,26.74,100,100,2.24
526,Bara,NG,2022-12-11 17:44:58,10.3744,10.7288,78.01,19,19,7.94
527,Aguada De Pasajeros,CU,2022-12-11 17:44:58,22.385,-80.8508,87.53,33,1,6.62
528,San Andres,CO,2022-12-11 17:44:59,12.5847,-81.7006,86.02,58,20,16.11
529,Lakinsk,RU,2022-12-11 17:44:59,56.0193,39.9485,32.49,99,100,7.81
530,Albury,AU,2022-12-11 17:44:59,-36.0833,146.9167,63.01,100,100,8.99
531,Hunchun,CN,2022-12-11 17:45:00,42.8675,130.3581,14.41,81,18,1.88
532,Port Moresby,PG,2022-12-11 17:44:18,-9.4431,147.1797,74.62,100,40,11.5
533,Moose Factory,CA,2022-12-11 17:45:00,51.2585,-80.6094,4.98,72,0,6.91
534,Manosque,FR,2022-12-11 17:45:00,43.8288,5.7869,31.57,53,39,3.24
535,Mogok,MM,2022-12-11 17:45:01,22.9167,96.5,54.45,72,0,1.72
536,Topeka,US,2022-12-11 17:43:22,39.0483,-95.678,35.38,96,100,10.36
537,Djibo,BF,2022-12-11 17:45:01,14.1022,-1.6306,79.16,10,87,9.13
